,,Overall,,Plant-mediated,,Soil-mediated,
Predictor,Geographic distance,Estimate,P,Estimate,P,Estimate,P
Replacement,,,,,,,
Geographic distance,40,-0.48,0.040,-0.47,0.053,-0.32,0.192
Climatic distance,40,0.41,0.076,0.56,0.022,0.13,0.922
pH distance,40,-0.16,0.592,-0.06,0.660,-0.27,0.303
Plant,40,0.52,0.031,0.49,0.034,0.35,0.199
Bacteria,40,0.63,0.042,0.36,0.168,0.75,0.027
Fungi,40,-0.27,0.206,-0.25,0.186,-0.16,0.540
Geographic distance,60,0.15,0.117,0.03,0.980,0.20,0.041
Climatic distance,60,0.18,0.109,0.28,0.037,0.10,0.400
pH distance,60,0.11,0.155,0.04,0.824,0.10,0.882
Plant,60,0.30,0.003,0.30,0.019,0.13,0.154
Bacteria,60,0.28,0.032,-0.03,0.980,0.40,0.002
Fungi,60,-0.02,0.863,0.06,0.686,-0.04,1.000
Geographic distance,80,0.14,0.095,0.09,0.843,0.14,0.115
Climatic distance,80,0.12,0.210,0.20,0.061,0.05,0.902
pH distance,80,0.04,0.745,-0.05,0.922,0.11,0.209
Plant,80,0.34,0.000,0.25,0.028,0.24,0.017
Bacteria,80,0.34,0.001,0.04,1.000,0.43,0.000
Fungi,80,-0.21,0.024,-0.16,0.119,-0.13,0.141
Geographic distance,100,-0.07,0.220,-0.04,0.638,-0.06,0.961
Climatic distance,100,0.00,1.000,0.05,0.941,0.00,0.941
pH distance,100,0.14,0.174,0.11,1.000,0.11,0.118
Plant,100,0.29,0.000,0.18,0.048,0.23,0.014
Bacteria,100,0.36,0.000,0.11,0.804,0.40,0.000
Fungi,100,-0.13,0.059,-0.09,0.541,-0.08,0.168
Geographic distance,120,-0.03,1.000,0.01,0.922,-0.06,0.258
Climatic distance,120,-0.03,1.000,-0.01,0.922,0.01,1.000
pH distance,120,0.07,0.173,0.06,0.462,0.07,0.229
Plant,120,0.21,0.009,0.15,0.076,0.14,0.521
Bacteria,120,0.41,0.000,0.13,0.124,0.47,0.000
Fungi,120,-0.08,0.109,-0.07,0.264,-0.03,0.784
Geographic distance,140,-0.04,0.240,-0.01,0.660,-0.07,0.863
Climatic distance,140,0.02,0.563,0.01,0.667,0.07,0.784
pH distance,140,0.05,0.482,0.03,0.902,0.06,0.219
Plant,140,0.15,0.240,0.12,0.029,0.09,0.462
Bacteria,140,0.45,0.000,0.16,0.046,0.51,0.000
Fungi,140,-0.04,0.725,-0.04,0.765,-0.01,0.980
Geographic distance,160,0.06,0.128,0.12,0.548,-0.01,0.863
Climatic distance,160,-0.01,1.000,-0.04,0.571,0.05,0.573
pH distance,160,0.11,0.102,0.08,0.311,0.11,0.133
Plant,160,0.17,0.002,0.17,0.000,0.08,0.362
Bacteria,160,0.40,0.000,0.12,0.273,0.50,0.000
Fungi,160,0.00,0.980,-0.01,0.980,0.02,0.902
Geographic distance,180,0.03,0.231,0.12,0.058,-0.05,0.280
Climatic distance,180,0.02,0.581,-0.03,0.363,0.06,1.000
pH distance,180,0.05,0.261,-0.04,1.000,0.11,0.025
Plant,180,0.13,0.000,0.12,0.028,0.06,0.131
Bacteria,180,0.40,0.000,0.13,0.152,0.49,0.000
Fungi,180,0.02,1.000,0.00,1.000,0.06,1.000
Geographic distance,200,0.03,0.638,0.11,0.961,-0.06,0.444
Climatic distance,200,0.01,1.000,-0.06,1.000,0.07,0.481
pH distance,200,0.06,0.148,-0.05,0.170,0.14,0.011
Plant,200,0.12,0.090,0.11,0.024,0.05,1.000
Bacteria,200,0.40,0.000,0.16,0.054,0.46,0.000
Fungi,200,0.04,0.980,0.01,1.000,0.08,1.000
Geographic distance,220,0.10,0.031,0.20,0.000,-0.02,0.667
Climatic distance,220,-0.01,0.655,-0.06,0.128,0.05,0.765
pH distance,220,0.09,0.623,-0.04,0.882,0.18,0.000
Plant,220,0.08,0.057,0.07,0.149,0.03,0.444
Bacteria,220,0.35,0.000,0.14,0.022,0.41,0.000
Fungi,220,0.01,0.961,-0.04,1.000,0.08,0.016
Geographic distance,240,0.08,0.045,0.16,0.028,-0.01,1.000
Climatic distance,240,-0.01,1.000,-0.06,0.264,0.05,1.000
pH distance,240,0.13,0.000,0.01,0.863,0.21,0.000
Plant,240,0.06,0.462,0.06,0.160,0.01,1.000
Bacteria,240,0.34,0.000,0.13,0.127,0.41,0.000
Fungi,240,0.05,0.086,0.00,0.902,0.11,0.000
Geographic distance,260,0.11,0.144,0.17,0.000,0.02,0.458
Climatic distance,260,0.02,1.000,-0.03,0.302,0.06,0.060
pH distance,260,0.12,0.006,0.00,0.922,0.20,0.000
Plant,260,0.04,0.660,0.02,0.444,0.02,0.745
Bacteria,260,0.33,0.000,0.13,0.043,0.41,0.000
Fungi,260,0.06,0.541,0.02,0.396,0.10,0.006
Geographic distance,280,0.09,0.081,0.10,0.141,0.05,0.108
Climatic distance,280,0.04,1.000,0.01,0.581,0.06,0.118
pH distance,280,0.14,0.000,0.01,0.725,0.21,0.000
Plant,280,0.04,1.000,0.00,1.000,0.03,0.281
Bacteria,280,0.31,0.000,0.11,0.158,0.38,0.000
Fungi,280,0.08,0.055,0.05,0.176,0.09,0.030
Geographic distance,300,0.08,1.000,0.09,0.162,0.04,0.643
Climatic distance,300,0.07,0.961,0.04,0.385,0.08,0.030
pH distance,300,0.12,0.000,-0.01,0.941,0.20,0.005
Plant,300,0.02,0.380,-0.01,0.391,0.02,0.263
Bacteria,300,0.31,0.000,0.12,0.003,0.37,0.000
Fungi,300,0.09,0.010,0.05,1.000,0.10,0.010
Geographic distance,320,0.08,0.034,0.09,0.058,0.05,0.171
Climatic distance,320,0.09,0.006,0.06,0.151,0.08,0.006
pH distance,320,0.15,0.000,0.02,1.000,0.21,0.000
Plant,320,0.03,0.564,-0.01,0.843,0.02,0.495
Bacteria,320,0.29,0.000,0.08,0.085,0.37,0.000
Fungi,320,0.08,0.474,0.04,0.444,0.11,0.001
Geographic distance,340,0.09,0.020,0.09,0.083,0.05,0.500
Climatic distance,340,0.10,0.000,0.08,0.065,0.10,0.000
pH distance,340,0.14,0.000,0.02,1.000,0.20,0.000
Plant,340,0.03,0.280,-0.01,1.000,0.02,0.391
Bacteria,340,0.29,0.000,0.08,0.047,0.37,0.000
Fungi,340,0.08,0.022,0.04,0.250,0.10,0.000
Geographic distance,360,0.09,0.042,0.09,0.036,0.05,0.060
Climatic distance,360,0.11,1.000,0.09,0.114,0.10,0.011
pH distance,360,0.14,0.058,0.02,1.000,0.20,0.000
Plant,360,0.04,0.070,0.00,0.941,0.03,0.706
Bacteria,360,0.28,0.000,0.07,0.158,0.36,0.000
Fungi,360,0.08,0.005,0.03,0.667,0.10,0.002
Geographic distance,380,0.08,0.037,0.06,0.071,0.06,0.046
Climatic distance,380,0.14,0.000,0.12,0.004,0.11,0.000
pH distance,380,0.11,0.941,0.01,0.745,0.17,0.000
Plant,380,0.02,0.293,0.00,0.667,0.01,1.000
Bacteria,380,0.28,0.000,0.06,0.333,0.38,0.000
Fungi,380,0.07,0.121,0.04,0.231,0.08,0.034
Geographic distance,400,0.07,0.143,0.06,0.119,0.04,0.166
Climatic distance,400,0.17,0.000,0.14,0.000,0.14,0.000
pH distance,400,0.11,0.000,0.01,0.516,0.17,0.000
Plant,400,0.00,0.824,-0.01,1.000,-0.01,0.603
Bacteria,400,0.25,0.000,0.04,0.477,0.34,0.000
Fungi,400,0.10,0.006,0.06,0.029,0.10,0.000
Geographic distance,420,0.08,0.024,0.07,0.020,0.05,0.060
Climatic distance,420,0.18,0.000,0.15,0.000,0.14,0.000
pH distance,420,0.11,0.000,0.01,0.902,0.17,0.000
Plant,420,0.00,1.000,-0.01,0.843,-0.01,0.490
Bacteria,420,0.25,0.000,0.04,0.167,0.35,0.000
Fungi,420,0.09,0.032,0.05,0.034,0.09,0.000
Geographic distance,440,0.08,0.062,0.06,0.058,0.06,0.043
Climatic distance,440,0.20,0.000,0.16,0.012,0.17,0.000
pH distance,440,0.12,0.000,0.03,1.000,0.17,0.000
Plant,440,-0.02,0.214,-0.02,0.361,-0.03,1.000
Bacteria,440,0.23,0.000,0.02,0.706,0.33,0.000
Fungi,440,0.08,0.030,0.05,0.686,0.09,0.000
Geographic distance,460,0.09,0.000,0.05,0.055,0.08,0.000
Climatic distance,460,0.21,0.000,0.16,0.000,0.17,0.000
pH distance,460,0.13,0.000,0.03,1.000,0.17,0.000
Plant,460,-0.01,1.000,-0.03,0.638,-0.01,1.000
Bacteria,460,0.23,0.000,0.02,1.000,0.33,0.000
Fungi,460,0.08,0.016,0.04,0.245,0.08,0.006
Geographic distance,480,0.09,0.000,0.05,0.322,0.09,0.183
Climatic distance,480,0.21,0.000,0.17,0.000,0.17,0.000
pH distance,480,0.11,0.000,0.00,1.000,0.18,0.000
Plant,480,-0.01,0.516,-0.03,0.667,-0.02,0.242
Bacteria,480,0.24,0.000,0.03,0.980,0.33,0.000
Fungi,480,0.08,0.009,0.04,0.079,0.08,0.009
Geographic distance,500,0.09,0.000,0.03,0.235,0.11,0.000
Climatic distance,500,0.22,0.000,0.18,0.000,0.17,0.000
pH distance,500,0.11,0.000,0.01,1.000,0.17,0.000
Plant,500,-0.01,0.541,-0.02,1.000,-0.03,0.202
Bacteria,500,0.24,0.000,0.02,1.000,0.33,0.000
Fungi,500,0.07,0.015,0.04,0.980,0.07,0.000
Geographic distance,520,0.09,0.000,0.01,1.000,0.12,0.000
Climatic distance,520,0.23,0.000,0.20,0.000,0.17,0.000
pH distance,520,0.12,0.000,0.02,1.000,0.18,0.000
Plant,520,-0.03,0.112,-0.02,0.571,-0.04,0.079
Bacteria,520,0.23,0.000,0.01,1.000,0.32,0.000
Fungi,520,0.08,0.001,0.04,0.027,0.08,0.000
Geographic distance,540,0.09,0.000,0.02,0.922,0.10,0.000
Climatic distance,540,0.25,0.000,0.20,0.000,0.19,0.000
pH distance,540,0.11,0.000,0.00,1.000,0.17,0.000
Plant,540,-0.03,0.065,-0.02,0.277,-0.04,0.055
Bacteria,540,0.23,0.000,0.01,0.902,0.32,0.000
Fungi,540,0.07,0.000,0.03,0.784,0.08,0.000
Geographic distance,560,0.08,0.000,0.02,1.000,0.09,0.000
Climatic distance,560,0.25,0.000,0.20,0.000,0.20,0.000
pH distance,560,0.11,0.000,0.00,0.882,0.18,0.000
Plant,560,-0.03,0.745,-0.01,1.000,-0.05,0.000
Bacteria,560,0.22,0.000,0.01,1.000,0.31,0.000
Fungi,560,0.07,0.004,0.03,0.441,0.08,0.000
Geographic distance,580,0.08,0.000,0.03,0.140,0.08,0.000
Climatic distance,580,0.26,0.000,0.20,0.000,0.20,0.000
pH distance,580,0.12,0.000,0.00,1.000,0.18,0.000
Plant,580,-0.03,0.167,-0.02,1.000,-0.05,0.000
Bacteria,580,0.22,0.000,0.01,1.000,0.31,0.000
Fungi,580,0.07,0.025,0.03,1.000,0.08,0.000
Geographic distance,600,0.08,0.002,0.04,0.090,0.07,0.000
Climatic distance,600,0.26,0.000,0.20,0.000,0.21,0.000
pH distance,600,0.12,0.000,0.00,1.000,0.18,0.000
Plant,600,-0.03,1.000,-0.02,0.470,-0.06,0.000
Bacteria,600,0.22,0.000,0.01,1.000,0.31,0.000
Fungi,600,0.07,0.000,0.02,0.145,0.08,0.000
Geographic distance,620,0.07,0.004,0.03,0.042,0.07,0.248
Climatic distance,620,0.27,0.000,0.21,0.000,0.21,0.000
pH distance,620,0.12,0.000,-0.01,0.941,0.19,0.000
Plant,620,-0.04,0.377,-0.02,0.108,-0.06,0.000
Bacteria,620,0.22,0.000,0.02,0.314,0.30,0.000
Fungi,620,0.07,0.000,0.03,0.085,0.07,0.000
Geographic distance,640,0.07,0.000,0.04,0.100,0.05,1.000
Climatic distance,640,0.27,0.000,0.20,0.000,0.22,0.000
pH distance,640,0.12,0.000,-0.01,0.470,0.19,0.000
Plant,640,-0.04,0.089,-0.02,0.311,-0.05,0.046
Bacteria,640,0.22,0.000,0.01,0.263,0.30,0.000
Fungi,640,0.07,0.000,0.03,0.131,0.07,0.000
Geographic distance,660,0.05,0.057,0.04,0.025,0.04,0.038
Climatic distance,660,0.27,0.000,0.20,0.000,0.22,0.000
pH distance,660,0.13,0.000,0.00,1.000,0.19,0.000
Plant,660,-0.04,0.005,-0.02,0.062,-0.06,0.024
Bacteria,660,0.22,0.000,0.01,0.541,0.30,0.000
Fungi,660,0.07,0.007,0.03,1.000,0.07,0.000
Geographic distance,680,0.06,0.065,0.05,1.000,0.04,0.000
Climatic distance,680,0.27,0.000,0.20,0.000,0.22,0.000
pH distance,680,0.12,0.000,0.00,0.441,0.19,0.000
Plant,680,-0.04,0.038,-0.02,0.110,-0.05,0.287
Bacteria,680,0.22,0.000,0.02,0.314,0.30,0.000
Fungi,680,0.07,0.000,0.03,1.000,0.07,0.000
Geographic distance,700,0.06,0.079,0.05,0.042,0.05,0.000
Climatic distance,700,0.27,0.000,0.20,0.000,0.22,0.000
pH distance,700,0.12,0.000,0.00,1.000,0.19,0.000
Plant,700,-0.04,0.036,-0.03,0.080,-0.05,0.000
Bacteria,700,0.22,0.000,0.02,0.745,0.29,0.000
Fungi,700,0.07,0.021,0.03,0.111,0.07,0.000
Geographic distance,720,0.06,0.007,0.05,0.006,0.06,0.001
Climatic distance,720,0.27,0.000,0.21,0.000,0.21,0.000
pH distance,720,0.12,0.000,-0.01,1.000,0.19,0.000
Plant,720,-0.04,0.056,-0.03,0.105,-0.05,0.048
Bacteria,720,0.21,0.000,0.01,1.000,0.29,0.000
Fungi,720,0.07,0.016,0.03,0.237,0.07,0.000
Geographic distance,740,0.06,0.031,0.04,0.043,0.06,0.000
Climatic distance,740,0.26,0.000,0.21,0.000,0.20,0.000
pH distance,740,0.13,0.000,-0.01,1.000,0.20,0.000
Plant,740,-0.04,0.003,-0.03,0.149,-0.05,0.002
Bacteria,740,0.22,0.000,0.02,0.108,0.29,0.000
Fungi,740,0.06,0.000,0.03,1.000,0.06,0.000
Geographic distance,760,0.06,0.000,0.04,0.415,0.06,0.000
Climatic distance,760,0.26,0.000,0.21,0.000,0.20,0.000
pH distance,760,0.13,0.000,-0.01,0.638,0.20,0.000
Plant,760,-0.04,0.211,-0.03,0.090,-0.05,0.026
Bacteria,760,0.22,0.000,0.02,0.139,0.29,0.000
Fungi,760,0.06,0.032,0.02,0.495,0.06,0.000
Geographic distance,780,0.05,0.004,0.04,0.023,0.06,0.022
Climatic distance,780,0.27,0.000,0.21,0.000,0.21,0.000
pH distance,780,0.12,0.000,-0.01,1.000,0.19,0.000
Plant,780,-0.04,0.026,-0.03,0.473,-0.05,0.000
Bacteria,780,0.22,0.000,0.03,0.272,0.29,0.000
Fungi,780,0.06,0.000,0.02,0.102,0.06,0.000
Geographic distance,800,0.05,0.271,0.03,0.081,0.05,1.000
Climatic distance,800,0.27,0.000,0.21,0.000,0.21,0.000
pH distance,800,0.12,0.000,-0.01,0.246,0.19,0.000
Plant,800,-0.04,0.061,-0.03,0.667,-0.05,0.004
Bacteria,800,0.22,0.000,0.03,0.181,0.30,0.000
Fungi,800,0.06,0.000,0.02,0.098,0.06,0.000
Geographic distance,820,0.05,0.000,0.03,0.500,0.06,0.037
Climatic distance,820,0.27,0.000,0.21,0.000,0.21,0.000
pH distance,820,0.11,0.000,-0.01,0.902,0.18,0.000
Plant,820,-0.04,0.040,-0.03,0.168,-0.05,0.001
Bacteria,820,0.23,0.000,0.03,1.000,0.30,0.000
Fungi,820,0.05,0.175,0.02,0.581,0.06,0.043
Geographic distance,840,0.05,0.014,0.03,1.000,0.07,0.000
Climatic distance,840,0.26,0.000,0.21,0.000,0.20,0.000
pH distance,840,0.12,0.000,-0.01,1.000,0.18,0.000
Plant,840,-0.03,0.054,-0.03,0.059,-0.04,0.000
Bacteria,840,0.22,0.000,0.03,0.442,0.30,0.000
Fungi,840,0.05,0.013,0.02,0.941,0.05,0.012
Geographic distance,860,0.05,0.000,0.03,0.246,0.06,0.000
Climatic distance,860,0.26,0.000,0.21,0.000,0.20,0.000
pH distance,860,0.11,0.000,-0.01,1.000,0.18,0.000
Plant,860,-0.03,1.000,-0.03,0.373,-0.04,0.084
Bacteria,860,0.22,0.000,0.03,0.072,0.30,0.000
Fungi,860,0.05,0.000,0.02,0.784,0.05,0.002
Geographic distance,880,0.05,0.008,0.04,0.043,0.06,0.006
Climatic distance,880,0.26,0.000,0.21,0.000,0.21,0.000
pH distance,880,0.11,0.000,-0.01,1.000,0.17,0.000
Plant,880,-0.03,1.000,-0.03,1.000,-0.03,0.163
Bacteria,880,0.23,0.000,0.03,0.152,0.30,0.000
Fungi,880,0.04,0.018,0.01,1.000,0.05,0.082
Geographic distance,900,0.06,0.000,0.05,0.040,0.07,0.000
Climatic distance,900,0.26,0.000,0.20,0.000,0.20,0.000
pH distance,900,0.11,0.000,-0.01,1.000,0.17,0.000
Plant,900,-0.02,0.272,-0.02,0.606,-0.03,0.187
Bacteria,900,0.23,0.000,0.04,0.127,0.30,0.000
Fungi,900,0.04,0.304,0.00,1.000,0.05,0.046
Geographic distance,920,0.07,0.000,0.05,0.058,0.08,0.000
Climatic distance,920,0.25,0.000,0.20,0.000,0.20,0.000
pH distance,920,0.10,0.000,-0.01,1.000,0.16,0.000
Plant,920,-0.02,0.481,-0.02,1.000,-0.03,0.052
Bacteria,920,0.23,0.000,0.04,0.144,0.31,0.000
Fungi,920,0.03,0.045,0.00,1.000,0.04,0.043
Geographic distance,940,0.07,0.000,0.06,0.022,0.07,0.026
Climatic distance,940,0.26,0.000,0.20,0.000,0.20,0.000
pH distance,940,0.09,0.000,-0.02,0.571,0.15,0.000
Plant,940,-0.02,0.155,-0.02,1.000,-0.03,0.065
Bacteria,940,0.24,0.000,0.04,0.064,0.31,0.000
Fungi,940,0.03,0.882,0.00,1.000,0.03,0.043
Geographic distance,960,0.07,0.000,0.06,0.009,0.08,0.000
Climatic distance,960,0.25,0.000,0.20,0.000,0.20,0.000
pH distance,960,0.09,0.000,-0.02,1.000,0.15,0.000
Plant,960,-0.02,0.233,-0.02,0.114,-0.03,0.091
Bacteria,960,0.24,0.000,0.04,0.022,0.31,0.000
Fungi,960,0.02,1.000,-0.01,1.000,0.03,0.054
Geographic distance,980,0.09,0.000,0.07,0.004,0.09,0.000
Climatic distance,980,0.24,0.000,0.19,0.000,0.19,0.000
pH distance,980,0.09,0.000,-0.01,1.000,0.15,0.000
Plant,980,-0.02,0.606,-0.02,0.105,-0.02,0.186
Bacteria,980,0.24,0.000,0.04,0.030,0.31,0.000
Fungi,980,0.02,0.242,-0.01,1.000,0.03,0.765
Geographic distance,1000,0.09,0.000,0.08,0.000,0.08,0.000
Climatic distance,1000,0.25,0.000,0.19,0.000,0.19,0.000
pH distance,1000,0.08,0.000,-0.02,1.000,0.14,0.000
Plant,1000,-0.01,0.144,-0.02,0.843,-0.02,0.088
Bacteria,1000,0.24,0.000,0.04,1.000,0.31,0.000
Fungi,1000,0.02,0.521,-0.01,0.139,0.03,0.007
Richness difference,,,,,,,
Geographic distance,40,0.26,0.385,0.13,0.592,0.31,0.195
Climatic distance,40,0.16,0.660,0.32,0.251,-0.02,0.922
pH distance,40,-0.01,0.922,-0.04,0.686,0.00,1.000
Plant,40,0.23,0.170,0.29,0.114,0.10,0.784
Bacteria,40,0.55,0.040,0.52,0.050,0.32,0.191
Fungi,40,-0.39,0.238,-0.23,0.182,-0.44,0.052
Geographic distance,60,0.16,0.111,0.06,0.564,0.20,0.074
Climatic distance,60,0.21,0.068,0.26,0.330,0.15,0.154
pH distance,60,0.24,0.134,0.03,0.606,0.28,0.028
Plant,60,0.00,1.000,-0.05,1.000,0.07,0.667
Bacteria,60,0.10,0.623,0.12,0.438,0.04,0.784
Fungi,60,-0.05,0.784,0.02,0.863,-0.11,0.184
Geographic distance,80,0.14,0.510,0.07,0.606,0.15,0.070
Climatic distance,80,0.21,0.064,0.26,0.063,0.13,0.500
pH distance,80,0.22,0.124,0.01,0.961,0.29,0.011
Plant,80,0.01,0.667,-0.01,0.980,0.04,0.824
Bacteria,80,0.04,0.533,-0.03,1.000,0.09,0.342
Fungi,80,0.00,1.000,0.04,0.573,-0.05,0.390
Geographic distance,100,-0.10,0.335,-0.06,0.571,-0.08,0.321
Climatic distance,100,0.08,0.246,0.09,0.344,0.07,0.315
pH distance,100,0.30,0.000,0.18,0.037,0.27,0.000
Plant,100,0.00,0.980,-0.04,0.686,0.04,0.423
Bacteria,100,0.08,0.420,-0.01,1.000,0.14,0.342
Fungi,100,0.01,0.863,0.01,0.961,-0.02,0.633
Geographic distance,120,-0.05,0.242,-0.01,1.000,-0.07,1.000
Climatic distance,120,0.03,0.660,0.02,0.804,0.06,0.686
pH distance,120,0.30,0.000,0.15,0.050,0.30,0.000
Plant,120,0.03,0.843,0.00,1.000,0.06,0.271
Bacteria,120,-0.01,0.980,-0.04,0.382,0.02,0.941
Fungi,120,0.02,0.784,0.06,0.353,-0.05,1.000
Geographic distance,140,-0.08,0.237,-0.03,0.784,-0.09,0.481
Climatic distance,140,0.07,0.804,0.03,0.667,0.11,0.207
pH distance,140,0.29,0.000,0.13,0.042,0.31,0.000
Plant,140,0.10,0.102,0.07,0.784,0.11,0.128
Bacteria,140,-0.09,0.160,-0.06,0.390,-0.08,1.000
Fungi,140,-0.01,1.000,0.00,0.941,-0.02,0.583
Geographic distance,160,0.08,0.474,0.12,0.058,0.02,1.000
Climatic distance,160,0.02,0.941,-0.03,0.863,0.07,0.396
pH distance,160,0.29,0.000,0.13,0.048,0.34,0.000
Plant,160,0.11,0.135,0.08,0.186,0.12,0.178
Bacteria,160,-0.07,0.421,-0.04,0.706,-0.08,0.155
Fungi,160,0.02,0.521,0.02,1.000,0.01,0.843
Geographic distance,180,0.07,0.725,0.14,0.092,-0.01,1.000
Climatic distance,180,0.03,1.000,-0.03,0.824,0.07,0.119
pH distance,180,0.25,0.000,0.02,1.000,0.35,0.000
Plant,180,0.15,1.000,0.13,0.028,0.15,0.018
Bacteria,180,-0.03,0.706,-0.01,0.843,-0.04,1.000
Fungi,180,-0.02,0.725,-0.01,0.824,-0.05,0.563
Geographic distance,200,0.06,0.633,0.14,0.011,-0.02,1.000
Climatic distance,200,0.04,0.364,-0.05,1.000,0.10,0.031
pH distance,200,0.25,0.000,0.02,1.000,0.35,0.000
Plant,200,0.15,0.013,0.12,0.013,0.16,0.000
Bacteria,200,-0.03,0.458,-0.05,0.980,0.00,1.000
Fungi,200,-0.04,0.804,-0.02,0.581,-0.07,0.090
Geographic distance,220,0.10,0.021,0.18,0.003,0.00,0.980
Climatic distance,220,0.02,1.000,-0.05,0.219,0.08,0.073
pH distance,220,0.25,0.000,0.02,1.000,0.37,0.000
Plant,220,0.16,0.000,0.15,0.002,0.15,0.000
Bacteria,220,-0.02,0.466,-0.03,0.383,-0.01,1.000
Fungi,220,0.00,1.000,0.03,0.282,-0.04,1.000
Geographic distance,240,0.08,0.118,0.15,0.000,0.00,0.980
Climatic distance,240,0.02,0.401,-0.06,0.137,0.08,0.068
pH distance,240,0.28,0.000,0.05,0.091,0.39,0.000
Plant,240,0.16,0.000,0.14,0.000,0.16,0.000
Bacteria,240,-0.03,1.000,-0.05,0.133,-0.01,1.000
Fungi,240,0.00,1.000,0.04,0.263,-0.05,0.353
Geographic distance,260,0.10,0.054,0.15,0.004,0.01,0.922
Climatic distance,260,0.05,0.225,-0.03,1.000,0.11,0.001
pH distance,260,0.27,0.000,0.04,1.000,0.39,0.000
Plant,260,0.16,0.000,0.14,0.012,0.17,0.000
Bacteria,260,-0.02,0.178,-0.05,0.368,0.00,1.000
Fungi,260,0.00,1.000,0.04,0.804,-0.06,1.000
Geographic distance,280,0.09,0.023,0.10,0.043,0.05,0.180
Climatic distance,280,0.08,0.227,0.01,1.000,0.12,0.001
pH distance,280,0.28,0.000,0.04,0.606,0.39,0.000
Plant,280,0.15,0.000,0.14,0.002,0.15,0.000
Bacteria,280,-0.01,1.000,-0.05,0.203,0.02,1.000
Fungi,280,-0.04,0.330,0.02,0.385,-0.08,0.055
Geographic distance,300,0.10,0.074,0.10,0.017,0.05,0.882
Climatic distance,300,0.10,0.019,0.03,0.340,0.13,0.034
pH distance,300,0.26,0.000,0.03,0.322,0.38,0.000
Plant,300,0.16,0.000,0.15,0.000,0.16,0.000
Bacteria,300,-0.05,0.143,-0.08,0.173,-0.01,0.824
Fungi,300,-0.04,0.521,0.03,0.212,-0.09,0.633
Geographic distance,320,0.10,0.000,0.09,0.138,0.07,0.368
Climatic distance,320,0.11,0.002,0.05,0.044,0.13,0.008
pH distance,320,0.28,0.000,0.04,0.085,0.39,0.000
Plant,320,0.14,0.000,0.14,0.000,0.14,0.000
Bacteria,320,-0.05,0.097,-0.05,0.548,-0.04,0.462
Fungi,320,-0.03,0.300,0.04,0.312,-0.08,0.008
Geographic distance,340,0.11,0.016,0.10,0.024,0.08,0.010
Climatic distance,340,0.13,0.013,0.07,0.068,0.14,0.000
pH distance,340,0.28,0.000,0.04,0.157,0.38,0.000
Plant,340,0.12,0.000,0.11,0.022,0.13,0.000
Bacteria,340,-0.07,0.023,-0.08,1.000,-0.04,0.554
Fungi,340,-0.01,0.643,0.06,0.222,-0.07,0.071
Geographic distance,360,0.11,0.015,0.10,0.000,0.08,0.006
Climatic distance,360,0.14,0.000,0.07,0.327,0.14,0.000
pH distance,360,0.27,0.000,0.05,0.725,0.38,0.000
Plant,360,0.12,0.001,0.10,0.069,0.13,0.000
Bacteria,360,-0.06,0.046,-0.07,0.317,-0.04,0.643
Fungi,360,0.00,1.000,0.07,0.078,-0.06,0.039
Geographic distance,380,0.09,0.000,0.07,0.037,0.08,0.009
Climatic distance,380,0.15,0.000,0.10,0.046,0.14,0.000
pH distance,380,0.25,0.000,0.03,0.153,0.36,0.000
Plant,380,0.15,0.000,0.12,0.000,0.16,0.000
Bacteria,380,-0.07,0.162,-0.06,1.000,-0.06,0.039
Fungi,380,-0.02,0.189,0.05,0.242,-0.07,0.522
Geographic distance,400,0.10,0.000,0.08,0.057,0.07,0.049
Climatic distance,400,0.18,0.000,0.12,0.000,0.16,0.000
pH distance,400,0.24,0.000,0.02,0.250,0.35,0.000
Plant,400,0.17,0.000,0.13,0.000,0.17,0.000
Bacteria,400,-0.05,0.167,-0.05,0.209,-0.04,0.084
Fungi,400,-0.06,1.000,0.01,1.000,-0.10,0.000
Geographic distance,420,0.11,0.000,0.09,0.000,0.08,0.001
Climatic distance,420,0.18,0.000,0.12,0.000,0.16,0.000
pH distance,420,0.25,0.000,0.02,1.000,0.36,0.000
Plant,420,0.17,0.000,0.13,0.000,0.17,0.000
Bacteria,420,-0.06,0.032,-0.05,0.079,-0.05,0.181
Fungi,420,-0.05,0.725,0.01,0.603,-0.09,0.000
Geographic distance,440,0.11,0.000,0.07,0.030,0.09,0.002
Climatic distance,440,0.19,0.000,0.12,0.002,0.18,0.000
pH distance,440,0.25,0.000,0.04,0.040,0.34,0.000
Plant,440,0.17,0.000,0.14,0.000,0.17,0.000
Bacteria,440,-0.05,0.063,0.00,1.000,-0.07,0.023
Fungi,440,-0.05,0.048,0.00,1.000,-0.07,0.090
Geographic distance,460,0.12,0.000,0.07,0.031,0.12,0.000
Climatic distance,460,0.20,0.000,0.12,0.000,0.19,0.000
pH distance,460,0.24,0.000,0.03,0.107,0.34,0.000
Plant,460,0.15,0.000,0.13,0.000,0.15,0.000
Bacteria,460,-0.07,0.042,-0.01,0.573,-0.09,0.044
Fungi,460,-0.03,0.098,0.01,0.863,-0.06,0.902
Geographic distance,480,0.12,0.000,0.06,1.000,0.12,0.000
Climatic distance,480,0.21,0.000,0.13,0.000,0.19,0.000
pH distance,480,0.24,0.000,0.02,0.311,0.34,0.000
Plant,480,0.16,0.000,0.13,0.000,0.15,0.000
Bacteria,480,-0.08,0.032,-0.01,1.000,-0.09,0.000
Fungi,480,-0.03,0.291,0.00,0.686,-0.06,0.001
Geographic distance,500,0.12,0.000,0.04,0.187,0.14,0.000
Climatic distance,500,0.21,0.000,0.14,0.000,0.18,0.000
pH distance,500,0.23,0.000,0.02,0.189,0.34,0.000
Plant,500,0.15,0.000,0.11,0.000,0.16,0.000
Bacteria,500,-0.08,0.019,-0.01,1.000,-0.10,0.000
Fungi,500,-0.04,0.180,0.00,1.000,-0.06,0.030
Geographic distance,520,0.13,0.000,0.03,1.000,0.16,0.000
Climatic distance,520,0.22,0.000,0.16,0.000,0.17,0.000
pH distance,520,0.24,0.000,0.02,0.209,0.34,0.000
Plant,520,0.16,0.000,0.11,0.000,0.16,0.000
Bacteria,520,-0.07,0.000,0.00,1.000,-0.09,0.000
Fungi,520,-0.04,0.132,0.00,1.000,-0.06,0.385
Geographic distance,540,0.12,0.000,0.03,1.000,0.14,0.000
Climatic distance,540,0.23,0.000,0.16,0.000,0.19,0.000
pH distance,540,0.23,0.000,0.01,0.583,0.33,0.000
Plant,540,0.16,0.000,0.10,0.000,0.17,0.000
Bacteria,540,-0.07,0.000,0.00,1.000,-0.10,0.000
Fungi,540,-0.03,0.160,0.01,1.000,-0.06,0.044
Geographic distance,560,0.12,0.000,0.03,0.151,0.13,0.000
Climatic distance,560,0.23,0.000,0.17,0.000,0.19,0.000
pH distance,560,0.23,0.000,0.00,1.000,0.33,0.000
Plant,560,0.16,0.000,0.10,0.000,0.18,0.000
Bacteria,560,-0.06,0.066,0.00,1.000,-0.09,0.000
Fungi,560,-0.04,0.232,0.00,1.000,-0.06,0.050
Geographic distance,580,0.11,0.000,0.04,0.092,0.12,0.000
Climatic distance,580,0.24,0.000,0.17,0.000,0.19,0.000
pH distance,580,0.23,0.000,0.00,1.000,0.33,0.000
Plant,580,0.16,0.000,0.09,0.000,0.19,0.000
Bacteria,580,-0.08,0.016,-0.01,0.784,-0.09,0.000
Fungi,580,-0.03,1.000,0.01,1.000,-0.06,0.101
Geographic distance,600,0.11,0.000,0.05,0.765,0.11,0.000
Climatic distance,600,0.24,0.000,0.17,0.000,0.19,0.000
pH distance,600,0.23,0.000,0.01,0.400,0.33,0.000
Plant,600,0.15,0.000,0.07,0.000,0.19,0.000
Bacteria,600,-0.09,0.000,-0.02,0.145,-0.11,0.000
Fungi,600,-0.02,0.470,0.01,0.353,-0.05,0.168
Geographic distance,620,0.11,0.000,0.05,0.044,0.11,0.000
Climatic distance,620,0.26,0.000,0.18,0.000,0.20,0.000
pH distance,620,0.22,0.000,0.00,1.000,0.33,0.000
Plant,620,0.15,0.000,0.07,0.010,0.19,0.000
Bacteria,620,-0.09,0.000,-0.01,0.414,-0.10,0.000
Fungi,620,-0.03,0.067,0.00,1.000,-0.04,1.000
Geographic distance,640,0.10,0.000,0.05,0.129,0.09,0.000
Climatic distance,640,0.26,0.000,0.18,0.000,0.21,0.000
pH distance,640,0.23,0.000,0.00,0.961,0.33,0.000
Plant,640,0.15,0.000,0.07,0.013,0.19,0.000
Bacteria,640,-0.08,0.000,-0.01,1.000,-0.11,0.000
Fungi,640,-0.03,1.000,0.00,0.824,-0.03,0.152
Geographic distance,660,0.09,0.000,0.05,0.121,0.09,0.000
Climatic distance,660,0.26,0.000,0.18,0.000,0.20,0.000
pH distance,660,0.23,0.000,0.01,1.000,0.33,0.000
Plant,660,0.15,0.000,0.07,0.016,0.20,0.000
Bacteria,660,-0.08,0.000,-0.01,0.804,-0.11,0.000
Fungi,660,-0.03,0.126,0.00,1.000,-0.03,0.023
Geographic distance,680,0.10,0.000,0.06,0.470,0.09,0.000
Climatic distance,680,0.26,0.000,0.18,0.000,0.21,0.000
pH distance,680,0.23,0.000,0.00,1.000,0.33,0.000
Plant,680,0.15,0.000,0.06,0.056,0.19,0.000
Bacteria,680,-0.08,0.161,-0.01,1.000,-0.11,0.000
Fungi,680,-0.03,1.000,0.00,0.922,-0.04,0.263
Geographic distance,700,0.10,0.000,0.06,0.001,0.09,0.000
Climatic distance,700,0.26,0.000,0.18,0.000,0.21,0.000
pH distance,700,0.23,0.000,0.00,1.000,0.33,0.000
Plant,700,0.15,0.000,0.07,0.001,0.19,0.000
Bacteria,700,-0.08,0.000,-0.01,1.000,-0.11,0.000
Fungi,700,-0.03,0.563,0.00,1.000,-0.03,0.030
Geographic distance,720,0.10,0.000,0.06,0.000,0.10,0.000
Climatic distance,720,0.26,0.000,0.18,0.000,0.20,0.000
pH distance,720,0.23,0.000,0.00,1.000,0.33,0.000
Plant,720,0.15,0.000,0.07,0.000,0.19,0.000
Bacteria,720,-0.07,0.000,0.00,1.000,-0.10,0.000
Fungi,720,-0.03,1.000,-0.01,1.000,-0.04,0.008
Geographic distance,740,0.10,0.000,0.05,0.025,0.10,0.000
Climatic distance,740,0.25,0.000,0.18,0.000,0.19,0.000
pH distance,740,0.23,0.000,0.00,0.706,0.34,0.000
Plant,740,0.15,0.000,0.07,0.000,0.19,0.000
Bacteria,740,-0.07,0.017,0.00,1.000,-0.10,0.000
Fungi,740,-0.03,0.344,-0.01,1.000,-0.03,0.098
Geographic distance,760,0.10,0.000,0.05,0.023,0.10,0.000
Climatic distance,760,0.25,0.000,0.18,0.000,0.19,0.000
pH distance,760,0.23,0.000,0.00,1.000,0.33,0.000
Plant,760,0.15,0.000,0.07,0.000,0.19,0.000
Bacteria,760,-0.07,0.024,0.00,1.000,-0.10,0.000
Fungi,760,-0.02,1.000,-0.01,0.533,-0.02,0.111
Geographic distance,780,0.08,0.000,0.04,0.261,0.09,0.000
Climatic distance,780,0.26,0.000,0.19,0.000,0.20,0.000
pH distance,780,0.23,0.000,0.00,1.000,0.33,0.000
Plant,780,0.15,0.000,0.07,0.000,0.19,0.000
Bacteria,780,-0.08,0.060,0.00,1.000,-0.11,0.000
Fungi,780,-0.02,0.235,0.00,1.000,-0.02,0.149
Geographic distance,800,0.08,0.000,0.04,0.011,0.09,0.000
Climatic distance,800,0.27,0.000,0.19,0.000,0.21,0.000
pH distance,800,0.22,0.000,0.00,1.000,0.33,0.000
Plant,800,0.15,0.000,0.07,0.022,0.19,0.000
Bacteria,800,-0.07,0.020,0.00,0.667,-0.10,0.000
Fungi,800,-0.03,0.116,-0.01,0.863,-0.03,0.047
Geographic distance,820,0.08,0.000,0.04,0.028,0.10,0.000
Climatic distance,820,0.26,0.000,0.19,0.000,0.20,0.000
pH distance,820,0.22,0.000,0.00,1.000,0.32,0.000
Plant,820,0.15,0.000,0.07,0.000,0.19,0.000
Bacteria,820,-0.07,0.000,0.00,1.000,-0.11,0.000
Fungi,820,-0.02,0.149,-0.01,1.000,-0.02,1.000
Geographic distance,840,0.08,0.000,0.04,0.070,0.10,0.000
Climatic distance,840,0.25,0.000,0.19,0.000,0.19,0.000
pH distance,840,0.22,0.000,0.01,1.000,0.32,0.000
Plant,840,0.15,0.000,0.08,0.000,0.19,0.000
Bacteria,840,-0.07,0.000,0.00,1.000,-0.11,0.000
Fungi,840,-0.02,1.000,-0.01,0.902,-0.02,1.000
Geographic distance,860,0.07,0.000,0.04,0.020,0.09,0.000
Climatic distance,860,0.25,0.000,0.18,0.000,0.20,0.000
pH distance,860,0.22,0.000,0.00,1.000,0.32,0.000
Plant,860,0.15,0.000,0.08,0.000,0.19,0.000
Bacteria,860,-0.08,0.000,0.00,1.000,-0.11,0.000
Fungi,860,-0.02,1.000,-0.01,0.824,-0.02,0.221
Geographic distance,880,0.07,0.000,0.04,0.060,0.09,0.000
Climatic distance,880,0.26,0.000,0.18,0.000,0.20,0.000
pH distance,880,0.22,0.000,0.01,1.000,0.31,0.000
Plant,880,0.15,0.000,0.08,0.000,0.19,0.000
Bacteria,880,-0.08,0.000,0.00,1.000,-0.11,0.000
Fungi,880,-0.02,0.843,0.00,0.655,-0.02,0.606
Geographic distance,900,0.08,0.000,0.05,0.005,0.09,0.000
Climatic distance,900,0.25,0.000,0.18,0.000,0.20,0.000
pH distance,900,0.22,0.000,0.01,1.000,0.31,0.000
Plant,900,0.15,0.000,0.08,0.000,0.19,0.000
Bacteria,900,-0.08,0.031,0.00,1.000,-0.11,0.000
Fungi,900,-0.01,0.444,0.00,1.000,-0.02,0.186
Geographic distance,920,0.08,0.000,0.05,0.005,0.10,0.000
Climatic distance,920,0.25,0.000,0.17,0.000,0.20,0.000
pH distance,920,0.21,0.000,0.01,0.371,0.30,0.000
Plant,920,0.15,0.000,0.08,0.000,0.19,0.000
Bacteria,920,-0.08,0.000,0.00,1.000,-0.12,0.000
Fungi,920,-0.01,1.000,0.00,1.000,-0.01,0.275
Geographic distance,940,0.08,0.000,0.06,0.000,0.09,0.000
Climatic distance,940,0.25,0.000,0.17,0.000,0.20,0.000
pH distance,940,0.20,0.000,0.00,0.462,0.30,0.000
Plant,940,0.15,0.000,0.08,0.000,0.19,0.000
Bacteria,940,-0.08,0.000,0.00,1.000,-0.12,0.000
Fungi,940,-0.01,0.941,0.00,1.000,0.00,1.000
Geographic distance,960,0.09,0.000,0.06,0.000,0.09,0.000
Climatic distance,960,0.24,0.000,0.17,0.000,0.20,0.000
pH distance,960,0.20,0.000,0.00,1.000,0.29,0.000
Plant,960,0.15,0.000,0.08,0.000,0.19,0.000
Bacteria,960,-0.08,0.101,0.01,1.000,-0.12,0.000
Fungi,960,0.00,1.000,0.00,1.000,0.00,0.961
Geographic distance,980,0.10,0.000,0.07,0.000,0.10,0.000
Climatic distance,980,0.24,0.000,0.17,0.000,0.19,0.000
pH distance,980,0.20,0.000,0.00,1.000,0.29,0.000
Plant,980,0.15,0.000,0.08,0.000,0.18,0.000
Bacteria,980,-0.08,0.000,0.01,0.500,-0.12,0.000
Fungi,980,0.00,1.000,0.00,0.961,0.00,0.441
Geographic distance,1000,0.10,0.000,0.08,0.000,0.10,0.000
Climatic distance,1000,0.24,0.000,0.16,0.000,0.19,0.000
pH distance,1000,0.20,0.000,0.00,1.000,0.28,0.000
Plant,1000,0.15,0.000,0.08,0.000,0.19,0.000
Bacteria,1000,-0.07,0.014,0.01,1.000,-0.12,0.000
Fungi,1000,-0.01,1.000,0.00,1.000,0.00,1.000
